Path,Sign,Subject,Camera
take_02\Sub001_take_02\noaudio_Sub001_01_01_02.mp4,1,1,1
take_02\Sub001_take_02\noaudio_Sub001_02_01_02.mp4,2,1,1
take_02\Sub001_take_02\noaudio_Sub001_02_02_02.mp4,2,1,2
take_02\Sub001_take_02\noaudio_Sub001_03_01_02.mp4,3,1,1
take_02\Sub001_take_02\noaudio_Sub001_03_02_02.mp4,3,1,2
take_02\Sub001_take_02\noaudio_Sub001_04_01_02.mp4,4,1,1
take_02\Sub001_take_02\noaudio_Sub001_04_02_02.mp4,4,1,2
take_02\Sub001_take_02\noaudio_Sub001_05_01_02.mp4,5,1,1
take_02\Sub001_take_02\noaudio_Sub001_05_02_02.mp4,5,1,2
take_01\Sub001_take_01\noaudio_Sub001_01_01_01.mp4,1,1,1
take_01\Sub001_take_01\noaudio_Sub001_02_01_01.mp4,2,1,1
take_01\Sub001_take_01\noaudio_Sub001_02_02_01.mp4,2,1,2
take_01\Sub001_take_01\noaudio_Sub001_03_01_01.mp4,3,1,1
take_01\Sub001_take_01\noaudio_Sub001_03_02_01.mp4,3,1,2
take_01\Sub001_take_01\noaudio_Sub001_04_01_01.mp4,4,1,1
take_01\Sub001_take_01\noaudio_Sub001_04_02_01.mp4,4,1,2
take_01\Sub001_take_01\noaudio_Sub001_05_01_01.mp4,5,1,1
take_01\Sub001_take_01\noaudio_Sub001_05_02_01.mp4,5,1,2
take_02\Sub002_take_02\noaudio_Sub002_01_01_02.mp4,1,2,1
take_02\Sub002_take_02\noaudio_Sub002_01_02_02.mp4,1,2,2
take_02\Sub002_take_02\noaudio_Sub002_02_01_02.mp4,2,2,1
take_02\Sub002_take_02\noaudio_Sub002_02_02_02.mp4,2,2,2
take_02\Sub002_take_02\noaudio_Sub002_03_01_02.mp4,3,2,1
take_02\Sub002_take_02\noaudio_Sub002_03_02_02.mp4,3,2,2
take_02\Sub002_take_02\noaudio_Sub002_04_01_02.mp4,4,2,1
take_02\Sub002_take_02\noaudio_Sub002_04_02_02.mp4,4,2,2
take_02\Sub002_take_02\noaudio_Sub002_05_01_02.mp4,5,2,1
take_02\Sub002_take_02\noaudio_Sub002_05_02_02.mp4,5,2,2
take_01\Sub002_take_01\noaudio_Sub002_01_01_01.mp4,1,2,1
take_01\Sub002_take_01\noaudio_Sub002_01_02_01.mp4,1,2,2
take_01\Sub002_take_01\noaudio_Sub002_02_01_01.mp4,2,2,1
take_01\Sub002_take_01\noaudio_Sub002_02_02_01.mp4,2,2,2
take_01\Sub002_take_01\noaudio_Sub002_03_01_01.mp4,3,2,1
take_01\Sub002_take_01\noaudio_Sub002_03_02_01.mp4,3,2,2
take_01\Sub002_take_01\noaudio_Sub002_04_01_01.mp4,4,2,1
take_01\Sub002_take_01\noaudio_Sub002_04_02_01.mp4,4,2,2
take_01\Sub002_take_01\noaudio_Sub002_05_01_01.mp4,5,2,1
take_01\Sub002_take_01\noaudio_Sub002_05_02_01.mp4,5,2,2
take_02\Sub003_take_02\noaudio_Sub003_01_01_02.mp4,1,3,1
take_02\Sub003_take_02\noaudio_Sub003_01_02_02.mp4,1,3,2
take_02\Sub003_take_02\noaudio_Sub003_02_01_02.mp4,2,3,1
take_02\Sub003_take_02\noaudio_Sub003_02_02_02.mp4,2,3,2
take_02\Sub003_take_02\noaudio_Sub003_03_01_02.mp4,3,3,1
take_02\Sub003_take_02\noaudio_Sub003_03_02_02.mp4,3,3,2
take_02\Sub003_take_02\noaudio_Sub003_04_01_02.mp4,4,3,1
take_02\Sub003_take_02\noaudio_Sub003_04_02_02.mp4,4,3,2
take_02\Sub003_take_02\noaudio_Sub003_05_01_02.mp4,5,3,1
take_02\Sub003_take_02\noaudio_Sub003_05_02_02.mp4,5,3,2
take_01\Sub003_take_01\noaudio_Sub003_01_01_01.mp4,1,3,1
take_01\Sub003_take_01\noaudio_Sub003_01_02_01.mp4,1,3,2
take_01\Sub003_take_01\noaudio_Sub003_02_01_01.mp4,2,3,1
take_01\Sub003_take_01\noaudio_Sub003_02_02_01.mp4,2,3,2
take_01\Sub003_take_01\noaudio_Sub003_03_01_01.mp4,3,3,1
take_01\Sub003_take_01\noaudio_Sub003_03_02_01.mp4,3,3,2
take_01\Sub003_take_01\noaudio_Sub003_04_01_01.mp4,4,3,1
take_01\Sub003_take_01\noaudio_Sub003_04_02_01.mp4,4,3,2
take_01\Sub003_take_01\noaudio_Sub003_05_01_01.mp4,5,3,1
take_01\Sub003_take_01\noaudio_Sub003_05_02_01.mp4,5,3,2
take_02\Sub004_take_02\noaudio_Sub004_01_01_02.mp4,1,4,1
take_02\Sub004_take_02\noaudio_Sub004_01_02_02.mp4,1,4,2
take_02\Sub004_take_02\noaudio_Sub004_02_01_02.mp4,2,4,1
take_02\Sub004_take_02\noaudio_Sub004_02_02_02.mp4,2,4,2
take_02\Sub004_take_02\noaudio_Sub004_03_01_02.mp4,3,4,1
take_02\Sub004_take_02\noaudio_Sub004_03_02_02.mp4,3,4,2
take_02\Sub004_take_02\noaudio_Sub004_04_01_02.mp4,4,4,1
take_02\Sub004_take_02\noaudio_Sub004_04_02_02.mp4,4,4,2
take_02\Sub004_take_02\noaudio_Sub004_05_01_02.mp4,5,4,1
take_02\Sub004_take_02\noaudio_Sub004_05_02_02.mp4,5,4,2
take_01\Sub004_take_01\noaudio_Sub004_01_01_01.mp4,1,4,1
take_01\Sub004_take_01\noaudio_Sub004_01_02_01.mp4,1,4,2
take_01\Sub004_take_01\noaudio_Sub004_02_01_01.mp4,2,4,1
take_01\Sub004_take_01\noaudio_Sub004_02_02_01.mp4,2,4,2
take_01\Sub004_take_01\noaudio_Sub004_03_01_01.mp4,3,4,1
take_01\Sub004_take_01\noaudio_Sub004_03_02_01.mp4,3,4,2
take_01\Sub004_take_01\noaudio_Sub004_04_01_01.mp4,4,4,1
take_01\Sub004_take_01\noaudio_Sub004_05_01_01.mp4,5,4,1
take_01\Sub004_take_01\noaudio_Sub004_05_02_01.mp4,5,4,2
take_02\Sub005_take_02\noaudio_Sub005_01_01_02.mp4,1,5,1
take_02\Sub005_take_02\noaudio_Sub005_01_02_02.mp4,1,5,2
take_02\Sub005_take_02\noaudio_Sub005_02_01_02.mp4,2,5,1
take_02\Sub005_take_02\noaudio_Sub005_02_02_02.mp4,2,5,2
take_02\Sub005_take_02\noaudio_Sub005_03_01_02.mp4,3,5,1
take_02\Sub005_take_02\noaudio_Sub005_03_02_02.mp4,3,5,2
take_02\Sub005_take_02\noaudio_Sub005_04_01_02.mp4,4,5,1
take_02\Sub005_take_02\noaudio_Sub005_04_02_02.mp4,4,5,2
take_02\Sub005_take_02\noaudio_Sub005_05_01_02.mp4,5,5,1
take_02\Sub005_take_02\noaudio_Sub005_05_02_02.mp4,5,5,2
take_01\Sub005_take_01\noaudio_Sub005_01_01_01.mp4,1,5,1
take_01\Sub005_take_01\noaudio_Sub005_01_02_01.mp4,1,5,2
take_01\Sub005_take_01\noaudio_Sub005_02_01_01.mp4,2,5,1
take_01\Sub005_take_01\noaudio_Sub005_02_02_01.mp4,2,5,2
take_01\Sub005_take_01\noaudio_Sub005_03_01_01.mp4,3,5,1
take_01\Sub005_take_01\noaudio_Sub005_03_02_01.mp4,3,5,2
take_01\Sub005_take_01\noaudio_Sub005_04_01_01.mp4,4,5,1
take_01\Sub005_take_01\noaudio_Sub005_04_02_01.mp4,4,5,2
take_01\Sub005_take_01\noaudio_Sub005_05_01_01.mp4,5,5,1
take_01\Sub005_take_01\noaudio_Sub005_05_02_01.mp4,5,5,2
take_02\Sub006_take_02\noaudio_Sub006_01_01_02.mp4,1,6,1
take_02\Sub006_take_02\noaudio_Sub006_01_02_02.mp4,1,6,2
take_02\Sub006_take_02\noaudio_Sub006_02_01_02.mp4,2,6,1
take_02\Sub006_take_02\noaudio_Sub006_02_02_02.mp4,2,6,2
take_02\Sub006_take_02\noaudio_Sub006_03_01_02.mp4,3,6,1
take_02\Sub006_take_02\noaudio_Sub006_03_02_02.mp4,3,6,2
take_02\Sub006_take_02\noaudio_Sub006_04_01_02.mp4,4,6,1
take_02\Sub006_take_02\noaudio_Sub006_04_02_02.mp4,4,6,2
take_02\Sub006_take_02\noaudio_Sub006_05_01_02.mp4,5,6,1
take_02\Sub006_take_02\noaudio_Sub006_05_02_02.mp4,5,6,2
take_01\Sub006_take_01\noaudio_Sub006_01_01_01.mp4,1,6,1
take_01\Sub006_take_01\noaudio_Sub006_01_02_01.mp4,1,6,2
take_01\Sub006_take_01\noaudio_Sub006_02_01_01.mp4,2,6,1
take_01\Sub006_take_01\noaudio_Sub006_02_02_01.mp4,2,6,2
take_01\Sub006_take_01\noaudio_Sub006_03_01_01.mp4,3,6,1
take_01\Sub006_take_01\noaudio_Sub006_03_02_01.mp4,3,6,2
take_01\Sub006_take_01\noaudio_Sub006_04_01_01.mp4,4,6,1
take_01\Sub006_take_01\noaudio_Sub006_04_02_01.mp4,4,6,2
take_01\Sub006_take_01\noaudio_Sub006_05_01_01.mp4,5,6,1
take_01\Sub006_take_01\noaudio_Sub006_05_02_01.mp4,5,6,2
take_02\Sub007_take_02\noaudio_Sub007_01_02_02.mp4,1,7,2
take_02\Sub007_take_02\noaudio_Sub007_02_02_02.mp4,2,7,2
take_02\Sub007_take_02\noaudio_Sub007_03_02_02.mp4,3,7,2
take_02\Sub007_take_02\noaudio_Sub007_04_01_02.mp4,4,7,1
take_02\Sub007_take_02\noaudio_Sub007_04_02_02.mp4,4,7,2
take_02\Sub007_take_02\noaudio_Sub007_05_01_02.mp4,5,7,1
take_02\Sub007_take_02\noaudio_Sub007_05_02_02.mp4,5,7,2
take_01\Sub007_take_01\noaudio_Sub007_01_02_01.mp4,1,7,2
take_01\Sub007_take_01\noaudio_Sub007_02_01_01.mp4,2,7,1
take_01\Sub007_take_01\noaudio_Sub007_02_02_01.mp4,2,7,2
take_01\Sub007_take_01\noaudio_Sub007_03_01_01.mp4,3,7,1
take_01\Sub007_take_01\noaudio_Sub007_03_02_01.mp4,3,7,2
take_01\Sub007_take_01\noaudio_Sub007_04_01_01.mp4,4,7,1
take_01\Sub007_take_01\noaudio_Sub007_04_02_01.mp4,4,7,2
take_01\Sub007_take_01\noaudio_Sub007_05_01_01.mp4,5,7,1
take_01\Sub007_take_01\noaudio_Sub007_05_02_01.mp4,5,7,2
take_02\Sub008_take_02\noaudio_Sub008_01_01_01.mp4,1,8,1
take_02\Sub008_take_02\noaudio_Sub008_01_02_02.mp4,1,8,2
take_02\Sub008_take_02\noaudio_Sub008_02_01_02.mp4,2,8,1
take_02\Sub008_take_02\noaudio_Sub008_02_02_02.mp4,2,8,2
take_02\Sub008_take_02\noaudio_Sub008_03_01_02.mp4,3,8,1
take_02\Sub008_take_02\noaudio_Sub008_03_02_02.mp4,3,8,2
take_02\Sub008_take_02\noaudio_Sub008_04_01_02.mp4,4,8,1
take_02\Sub008_take_02\noaudio_Sub008_04_02_02.mp4,4,8,2
take_02\Sub008_take_02\noaudio_Sub008_05_01_02.mp4,5,8,1
take_02\Sub008_take_02\noaudio_Sub008_05_02_02.mp4,5,8,2
take_01\Sub008_take_01\noaudio_Sub008_01_01_01.mp4,1,8,1
take_01\Sub008_take_01\noaudio_Sub008_01_02_01.mp4,1,8,2
take_01\Sub008_take_01\noaudio_Sub008_02_01_01.mp4,2,8,1
take_01\Sub008_take_01\noaudio_Sub008_02_02_01.mp4,2,8,2
take_01\Sub008_take_01\noaudio_Sub008_03_01_01.mp4,3,8,1
take_01\Sub008_take_01\noaudio_Sub008_03_02_01.mp4,3,8,2
take_01\Sub008_take_01\noaudio_Sub008_04_01_01.mp4,4,8,1
take_01\Sub008_take_01\noaudio_Sub008_04_02_01.mp4,4,8,2
take_01\Sub008_take_01\noaudio_Sub008_05_01_01.mp4,5,8,1
take_01\Sub008_take_01\noaudio_Sub008_05_02_01.mp4,5,8,2
take_02\Sub009_take_02\noaudio_Sub009_01_01_02.mp4,1,9,1
take_02\Sub009_take_02\noaudio_Sub009_01_02_02.mp4,1,9,2
take_02\Sub009_take_02\noaudio_Sub009_02_01_02.mp4,2,9,1
take_02\Sub009_take_02\noaudio_Sub009_02_02_02.mp4,2,9,2
take_02\Sub009_take_02\noaudio_Sub009_03_01_02.mp4,3,9,1
take_02\Sub009_take_02\noaudio_Sub009_03_02_02.mp4,3,9,2
take_02\Sub009_take_02\noaudio_Sub009_04_01_02.mp4,4,9,1
take_02\Sub009_take_02\noaudio_Sub009_04_02_02.mp4,4,9,2
take_02\Sub009_take_02\noaudio_Sub009_05_01_02.mp4,5,9,1
take_02\Sub009_take_02\noaudio_Sub009_05_02_02.mp4,5,9,2
take_01\Sub009_take_01\noaudio_Sub009_01_01_01.mp4,1,9,1
take_01\Sub009_take_01\noaudio_Sub009_01_02_01.mp4,1,9,2
take_01\Sub009_take_01\noaudio_Sub009_02_01_01.mp4,2,9,1
take_01\Sub009_take_01\noaudio_Sub009_02_02_01.mp4,2,9,2
take_01\Sub009_take_01\noaudio_Sub009_03_01_01.mp4,3,9,1
take_01\Sub009_take_01\noaudio_Sub009_03_02_01.mp4,3,9,2
take_01\Sub009_take_01\noaudio_Sub009_04_01_01.mp4,4,9,1
take_01\Sub009_take_01\noaudio_Sub009_04_02_01.mp4,4,9,2
take_01\Sub009_take_01\noaudio_Sub009_05_01_01.mp4,5,9,1
take_01\Sub009_take_01\noaudio_Sub009_05_02_01.mp4,5,9,2
take_02\Sub010_take_02\noaudio_Sub010_01_01_02.mp4,1,10,1
take_02\Sub010_take_02\noaudio_Sub010_01_02_02.mp4,1,10,2
take_02\Sub010_take_02\noaudio_Sub010_02_01_02.mp4,2,10,1
take_02\Sub010_take_02\noaudio_Sub010_02_02_02.mp4,2,10,2
take_02\Sub010_take_02\noaudio_Sub010_03_01_02.mp4,3,10,1
take_02\Sub010_take_02\noaudio_Sub010_03_02_02.mp4,3,10,2
take_02\Sub010_take_02\noaudio_Sub010_04_01_02.mp4,4,10,1
take_02\Sub010_take_02\noaudio_Sub010_04_02_02.mp4,4,10,2
take_02\Sub010_take_02\noaudio_Sub010_05_01_02.mp4,5,10,1
take_02\Sub010_take_02\noaudio_Sub010_05_02_02.mp4,5,10,2
take_01\Sub010_take_01\noaudio_Sub010_01_01_01.mp4,1,10,1
take_01\Sub010_take_01\noaudio_Sub010_01_02_01.mp4,1,10,2
take_01\Sub010_take_01\noaudio_Sub010_02_01_01.mp4,2,10,1
take_01\Sub010_take_01\noaudio_Sub010_02_02_01.mp4,2,10,2
take_01\Sub010_take_01\noaudio_Sub010_03_01_01.mp4,3,10,1
take_01\Sub010_take_01\noaudio_Sub010_03_02_01.mp4,3,10,2
take_01\Sub010_take_01\noaudio_Sub010_04_01_01.mp4,4,10,1
take_01\Sub010_take_01\noaudio_Sub010_04_02_01.mp4,4,10,2
take_01\Sub010_take_01\noaudio_Sub010_05_01_01.mp4,5,10,1
take_01\Sub010_take_01\noaudio_Sub010_05_02_01.mp4,5,10,2
take_02\Sub011_take_02\noaudio_Sub011_01_01_02.mp4,1,11,1
take_02\Sub011_take_02\noaudio_Sub011_01_02_02.mp4,1,11,2
take_02\Sub011_take_02\noaudio_Sub011_02_01_02.mp4,2,11,1
take_02\Sub011_take_02\noaudio_Sub011_02_02_02.mp4,2,11,2
take_02\Sub011_take_02\noaudio_Sub011_03_01_02.mp4,3,11,1
take_02\Sub011_take_02\noaudio_Sub011_03_02_02.mp4,3,11,2
take_02\Sub011_take_02\noaudio_Sub011_04_01_02.mp4,4,11,1
take_02\Sub011_take_02\noaudio_Sub011_04_02_02.mp4,4,11,2
take_02\Sub011_take_02\noaudio_Sub011_05_01_02.mp4,5,11,1
take_02\Sub011_take_02\noaudio_Sub011_05_02_02.mp4,5,11,2
take_01\Sub011_take_01\noaudio_Sub011_01_01_01.mp4,1,11,1
take_01\Sub011_take_01\noaudio_Sub011_01_02_01.mp4,1,11,2
take_01\Sub011_take_01\noaudio_Sub011_02_01_01.mp4,2,11,1
take_01\Sub011_take_01\noaudio_Sub011_02_02_01.mp4,2,11,2
take_01\Sub011_take_01\noaudio_Sub011_03_01_01.mp4,3,11,1
take_01\Sub011_take_01\noaudio_Sub011_03_02_01.mp4,3,11,2
take_01\Sub011_take_01\noaudio_Sub011_04_01_01.mp4,4,11,1
take_01\Sub011_take_01\noaudio_Sub011_04_02_01.mp4,4,11,2
take_01\Sub011_take_01\noaudio_Sub011_05_01_01.mp4,5,11,1
take_01\Sub011_take_01\noaudio_Sub011_05_02_01.mp4,5,11,2
take_02\Sub012_take_02\noaudio_Sub012_01_01_02.mp4,1,12,1
take_02\Sub012_take_02\noaudio_Sub012_01_02_02.mp4,1,12,2
take_02\Sub012_take_02\noaudio_Sub012_02_01_02.mp4,2,12,1
take_02\Sub012_take_02\noaudio_Sub012_02_02_02.mp4,2,12,2
take_02\Sub012_take_02\noaudio_Sub012_03_01_02.mp4,3,12,1
take_02\Sub012_take_02\noaudio_Sub012_03_02_02.mp4,3,12,2
take_02\Sub012_take_02\noaudio_Sub012_04_01_02.mp4,4,12,1
take_02\Sub012_take_02\noaudio_Sub012_04_02_02.mp4,4,12,2
take_02\Sub012_take_02\noaudio_Sub012_05_01_02.mp4,5,12,1
take_02\Sub012_take_02\noaudio_Sub012_05_02_02.mp4,5,12,2
take_01\Sub012_take_01\noaudio_Sub012_01_01_01.mp4,1,12,1
take_01\Sub012_take_01\noaudio_Sub012_01_02_01.mp4,1,12,2
take_01\Sub012_take_01\noaudio_Sub012_02_01_01.mp4,2,12,1
take_01\Sub012_take_01\noaudio_Sub012_02_02_01.mp4,2,12,2
take_01\Sub012_take_01\noaudio_Sub012_03_01_01.mp4,3,12,1
take_01\Sub012_take_01\noaudio_Sub012_03_02_01.mp4,3,12,2
take_01\Sub012_take_01\noaudio_Sub012_04_01_01.mp4,4,12,1
take_01\Sub012_take_01\noaudio_Sub012_04_02_01.mp4,4,12,2
take_01\Sub012_take_01\noaudio_Sub012_05_01_01.mp4,5,12,1
take_01\Sub012_take_01\noaudio_Sub012_05_02_01.mp4,5,12,2
take_02\Sub013_take_02\noaudio_Sub013_01_01_02.mp4,1,13,1
take_02\Sub013_take_02\noaudio_Sub013_01_02_02.mp4,1,13,2
take_02\Sub013_take_02\noaudio_Sub013_02_01_02.mp4,2,13,1
take_02\Sub013_take_02\noaudio_Sub013_02_02_02.mp4,2,13,2
take_02\Sub013_take_02\noaudio_Sub013_03_01_02.mp4,3,13,1
take_02\Sub013_take_02\noaudio_Sub013_03_02_02.mp4,3,13,2
take_02\Sub013_take_02\noaudio_Sub013_04_01_02.mp4,4,13,1
take_02\Sub013_take_02\noaudio_Sub013_04_02_02.mp4,4,13,2
take_02\Sub013_take_02\noaudio_Sub013_05_01_02.mp4,5,13,1
take_02\Sub013_take_02\noaudio_Sub013_05_02_02.mp4,5,13,2
take_01\Sub013_take_01\noaudio_Sub013_01_01_01.mp4,1,13,1
take_01\Sub013_take_01\noaudio_Sub013_01_02_01.mp4,1,13,2
take_01\Sub013_take_01\noaudio_Sub013_02_01_01.mp4,2,13,1
take_01\Sub013_take_01\noaudio_Sub013_02_02_01.mp4,2,13,2
take_01\Sub013_take_01\noaudio_Sub013_03_01_01.mp4,3,13,1
take_01\Sub013_take_01\noaudio_Sub013_03_02_01.mp4,3,13,2
take_01\Sub013_take_01\noaudio_Sub013_04_01_01.mp4,4,13,1
take_01\Sub013_take_01\noaudio_Sub013_04_02_01.mp4,4,13,2
take_01\Sub013_take_01\noaudio_Sub013_05_01_01.mp4,5,13,1
take_01\Sub013_take_01\noaudio_Sub013_05_02_01.mp4,5,13,2
take_02\Sub014_take_02\noaudio_Sub014_01_01_02.mp4,1,14,1
take_02\Sub014_take_02\noaudio_Sub014_01_02_02.mp4,1,14,2
take_02\Sub014_take_02\noaudio_Sub014_02_01_02.mp4,2,14,1
take_02\Sub014_take_02\noaudio_Sub014_02_02_02.mp4,2,14,2
take_02\Sub014_take_02\noaudio_Sub014_03_01_02.mp4,3,14,1
take_02\Sub014_take_02\noaudio_Sub014_03_02_02.mp4,3,14,2
take_02\Sub014_take_02\noaudio_Sub014_04_01_02.mp4,4,14,1
take_02\Sub014_take_02\noaudio_Sub014_04_02_02.mp4,4,14,2
take_02\Sub014_take_02\noaudio_Sub014_05_01_02.mp4,5,14,1
take_02\Sub014_take_02\noaudio_Sub014_05_02_02.mp4,5,14,2
take_01\Sub014_take_01\noaudio_Sub014_01_01_01.mp4,1,14,1
take_01\Sub014_take_01\noaudio_Sub014_01_02_01.mp4,1,14,2
take_01\Sub014_take_01\noaudio_Sub014_02_01_01.mp4,2,14,1
take_01\Sub014_take_01\noaudio_Sub014_02_02_01.mp4,2,14,2
take_01\Sub014_take_01\noaudio_Sub014_03_01_01.mp4,3,14,1
take_01\Sub014_take_01\noaudio_Sub014_03_02_01.mp4,3,14,2
take_01\Sub014_take_01\noaudio_Sub014_04_01_01.mp4,4,14,1
take_01\Sub014_take_01\noaudio_Sub014_04_02_01.mp4,4,14,2
take_01\Sub014_take_01\noaudio_Sub014_05_01_01.mp4,5,14,1
take_01\Sub014_take_01\noaudio_Sub014_05_02_01.mp4,5,14,2
take_02\Sub015_take_02\noaudio_Sub015_01_01_02.mp4,1,15,1
take_02\Sub015_take_02\noaudio_Sub015_01_02_02.mp4,1,15,2
take_02\Sub015_take_02\noaudio_Sub015_02_01_02.mp4,2,15,1
take_02\Sub015_take_02\noaudio_Sub015_02_02_02.mp4,2,15,2
take_02\Sub015_take_02\noaudio_Sub015_03_01_02.mp4,3,15,1
take_02\Sub015_take_02\noaudio_Sub015_03_02_02.mp4,3,15,2
take_02\Sub015_take_02\noaudio_Sub015_04_01_02.mp4,4,15,1
take_02\Sub015_take_02\noaudio_Sub015_04_02_02.mp4,4,15,2
take_02\Sub015_take_02\noaudio_Sub015_05_01_02.mp4,5,15,1
take_02\Sub015_take_02\noaudio_Sub015_05_02_02.mp4,5,15,2
take_01\Sub015_take_01\noaudio_Sub015_01_01_01.mp4,1,15,1
take_01\Sub015_take_01\noaudio_Sub015_01_02_01.mp4,1,15,2
take_01\Sub015_take_01\noaudio_Sub015_02_01_01.mp4,2,15,1
take_01\Sub015_take_01\noaudio_Sub015_02_02_01.mp4,2,15,2
take_01\Sub015_take_01\noaudio_Sub015_03_01_01.mp4,3,15,1
take_01\Sub015_take_01\noaudio_Sub015_03_02_01.mp4,3,15,2
take_01\Sub015_take_01\noaudio_Sub015_04_01_01.mp4,4,15,1
take_01\Sub015_take_01\noaudio_Sub015_04_02_01.mp4,4,15,2
take_01\Sub015_take_01\noaudio_Sub015_05_01_01.mp4,5,15,1
take_01\Sub015_take_01\noaudio_Sub015_05_02_01.mp4,5,15,2
take_02\Sub016_take_02\noaudio_Sub016_01_01_02.mp4,1,16,1
take_02\Sub016_take_02\noaudio_Sub016_01_02_02.mp4,1,16,2
take_02\Sub016_take_02\noaudio_Sub016_02_01_02.mp4,2,16,1
take_02\Sub016_take_02\noaudio_Sub016_02_02_02.mp4,2,16,2
take_02\Sub016_take_02\noaudio_Sub016_03_01_02.mp4,3,16,1
take_02\Sub016_take_02\noaudio_Sub016_03_02_02.mp4,3,16,2
take_02\Sub016_take_02\noaudio_Sub016_04_01_02.mp4,4,16,1
take_02\Sub016_take_02\noaudio_Sub016_04_02_02.mp4,4,16,2
take_02\Sub016_take_02\noaudio_Sub016_05_01_02.mp4,5,16,1
take_02\Sub016_take_02\noaudio_Sub016_05_02_02.mp4,5,16,2
take_01\Sub016_take_01\noaudio_Sub016_01_01_01.mp4,1,16,1
take_01\Sub016_take_01\noaudio_Sub016_01_02_01.mp4,1,16,2
take_01\Sub016_take_01\noaudio_Sub016_02_01_01.mp4,2,16,1
take_01\Sub016_take_01\noaudio_Sub016_02_02_01.mp4,2,16,2
take_01\Sub016_take_01\noaudio_Sub016_03_01_01.mp4,3,16,1
take_01\Sub016_take_01\noaudio_Sub016_03_02_01.mp4,3,16,2
take_01\Sub016_take_01\noaudio_Sub016_04_01_01.mp4,4,16,1
take_01\Sub016_take_01\noaudio_Sub016_04_02_01.mp4,4,16,2
take_01\Sub016_take_01\noaudio_Sub016_05_01_01.mp4,5,16,1
take_01\Sub016_take_01\noaudio_Sub016_05_02_01.mp4,5,16,2
take_02\Sub017_take_02\noaudio_Sub017_01_02_02.mp4,1,17,2
take_02\Sub017_take_02\noaudio_Sub017_02_01_02.mp4,2,17,1
take_02\Sub017_take_02\noaudio_Sub017_02_02_02.mp4,2,17,2
take_02\Sub017_take_02\noaudio_Sub017_03_01_02.mp4,3,17,1
take_02\Sub017_take_02\noaudio_Sub017_03_02_02.mp4,3,17,2
take_02\Sub017_take_02\noaudio_Sub017_04_01_02.mp4,4,17,1
take_02\Sub017_take_02\noaudio_Sub017_04_02_02.mp4,4,17,2
take_02\Sub017_take_02\noaudio_Sub017_05_01_02.mp4,5,17,1
take_02\Sub017_take_02\noaudio_Sub017_05_02_02.mp4,5,17,2
take_01\Sub017_take_01\noaudio_Sub017_01_01_01.mp4,1,17,1
take_01\Sub017_take_01\noaudio_Sub017_01_02_01.mp4,1,17,2
take_01\Sub017_take_01\noaudio_Sub017_02_01_01.mp4,2,17,1
take_01\Sub017_take_01\noaudio_Sub017_02_02_01.mp4,2,17,2
take_01\Sub017_take_01\noaudio_Sub017_03_01_01.mp4,3,17,1
take_01\Sub017_take_01\noaudio_Sub017_03_02_01.mp4,3,17,2
take_01\Sub017_take_01\noaudio_Sub017_04_01_01.mp4,4,17,1
take_01\Sub017_take_01\noaudio_Sub017_04_02_01.mp4,4,17,2
take_01\Sub017_take_01\noaudio_Sub017_05_01_01.mp4,5,17,1
take_01\Sub017_take_01\noaudio_Sub017_05_02_01.mp4,5,17,2
take_02\Sub018_take_02\noaudio_Sub018_01_01_02.mp4,1,18,1
take_02\Sub018_take_02\noaudio_Sub018_01_02_02.mp4,1,18,2
take_02\Sub018_take_02\noaudio_Sub018_02_01_02.mp4,2,18,1
take_02\Sub018_take_02\noaudio_Sub018_02_02_02.mp4,2,18,2
take_02\Sub018_take_02\noaudio_Sub018_03_01_02.mp4,3,18,1
take_02\Sub018_take_02\noaudio_Sub018_03_02_02.mp4,3,18,2
take_02\Sub018_take_02\noaudio_Sub018_04_01_02.mp4,4,18,1
take_02\Sub018_take_02\noaudio_Sub018_04_02_02.mp4,4,18,2
take_02\Sub018_take_02\noaudio_Sub018_05_01_02.mp4,5,18,1
take_02\Sub018_take_02\noaudio_Sub018_05_02_02.mp4,5,18,2
take_01\Sub018_take_01\noaudio_Sub018_01_01_01.mp4,1,18,1
take_01\Sub018_take_01\noaudio_Sub018_01_02_01.mp4,1,18,2
take_01\Sub018_take_01\noaudio_Sub018_02_01_01.mp4,2,18,1
take_01\Sub018_take_01\noaudio_Sub018_02_02_01.mp4,2,18,2
take_01\Sub018_take_01\noaudio_Sub018_03_01_01.mp4,3,18,1
take_01\Sub018_take_01\noaudio_Sub018_03_02_01.mp4,3,18,2
take_01\Sub018_take_01\noaudio_Sub018_04_01_01.mp4,4,18,1
take_01\Sub018_take_01\noaudio_Sub018_04_02_01.mp4,4,18,2
take_01\Sub018_take_01\noaudio_Sub018_05_01_01.mp4,5,18,1
take_01\Sub018_take_01\noaudio_Sub018_05_02_01.mp4,5,18,2
take_02\Sub019_take_02\noaudio_Sub019_01_01_02.mp4,1,19,1
take_02\Sub019_take_02\noaudio_Sub019_01_02_02.mp4,1,19,2
take_02\Sub019_take_02\noaudio_Sub019_02_01_02.mp4,2,19,1
take_02\Sub019_take_02\noaudio_Sub019_02_02_02.mp4,2,19,2
take_02\Sub019_take_02\noaudio_Sub019_03_01_02.mp4,3,19,1
take_02\Sub019_take_02\noaudio_Sub019_03_02_02.mp4,3,19,2
take_02\Sub019_take_02\noaudio_Sub019_04_01_02.mp4,4,19,1
take_02\Sub019_take_02\noaudio_Sub019_04_02_02.mp4,4,19,2
take_02\Sub019_take_02\noaudio_Sub019_05_01_02.mp4,5,19,1
take_02\Sub019_take_02\noaudio_Sub019_05_02_02.mp4,5,19,2
take_01\Sub019_take_01\noaudio_Sub019_01_01_01.mp4,1,19,1
take_01\Sub019_take_01\noaudio_Sub019_01_02_01.mp4,1,19,2
take_01\Sub019_take_01\noaudio_Sub019_02_01_01.mp4,2,19,1
take_01\Sub019_take_01\noaudio_Sub019_02_02_01.mp4,2,19,2
take_01\Sub019_take_01\noaudio_Sub019_03_01_01.mp4,3,19,1
take_01\Sub019_take_01\noaudio_Sub019_03_02_01.mp4,3,19,2
take_01\Sub019_take_01\noaudio_Sub019_04_01_01.mp4,4,19,1
take_01\Sub019_take_01\noaudio_Sub019_04_02_01.mp4,4,19,2
take_01\Sub019_take_01\noaudio_Sub019_05_01_01.mp4,5,19,1
take_01\Sub019_take_01\noaudio_Sub019_05_02_01.mp4,5,19,2
take_02\Sub020_take_02\noaudio_Sub020_01_01_02.mp4,1,20,1
take_02\Sub020_take_02\noaudio_Sub020_01_02_02.mp4,1,20,2
take_02\Sub020_take_02\noaudio_Sub020_02_01_02.mp4,2,20,1
take_02\Sub020_take_02\noaudio_Sub020_02_02_02.mp4,2,20,2
take_02\Sub020_take_02\noaudio_Sub020_03_01_02.mp4,3,20,1
take_02\Sub020_take_02\noaudio_Sub020_03_02_02.mp4,3,20,2
take_02\Sub020_take_02\noaudio_Sub020_04_01_02.mp4,4,20,1
take_02\Sub020_take_02\noaudio_Sub020_04_02_02.mp4,4,20,2
take_02\Sub020_take_02\noaudio_Sub020_05_01_02.mp4,5,20,1
take_02\Sub020_take_02\noaudio_Sub020_05_02_02.mp4,5,20,2
take_01\Sub020_take_01\noaudio_Sub020_01_01_01.mp4,1,20,1
take_01\Sub020_take_01\noaudio_Sub020_01_02_01.mp4,1,20,2
take_01\Sub020_take_01\noaudio_Sub020_02_01_01.mp4,2,20,1
take_01\Sub020_take_01\noaudio_Sub020_02_02_01.mp4,2,20,2
take_01\Sub020_take_01\noaudio_Sub020_03_01_01.mp4,3,20,1
take_01\Sub020_take_01\noaudio_Sub020_03_02_01.mp4,3,20,2
take_01\Sub020_take_01\noaudio_Sub020_04_01_01.mp4,4,20,1
take_01\Sub020_take_01\noaudio_Sub020_04_02_01.mp4,4,20,2
take_01\Sub020_take_01\noaudio_Sub020_05_01_01.mp4,5,20,1
take_01\Sub020_take_01\noaudio_Sub020_05_02_01.mp4,5,20,2
take_02\Sub021_take_02\noaudio_Sub021_01_01_02.mp4,1,21,1
take_02\Sub021_take_02\noaudio_Sub021_01_02_02.mp4,1,21,2
take_02\Sub021_take_02\noaudio_Sub021_02_01_02.mp4,2,21,1
take_02\Sub021_take_02\noaudio_Sub021_02_02_02.mp4,2,21,2
take_02\Sub021_take_02\noaudio_Sub021_03_01_02.mp4,3,21,1
take_02\Sub021_take_02\noaudio_Sub021_03_02_02.mp4,3,21,2
take_02\Sub021_take_02\noaudio_Sub021_04_01_02.mp4,4,21,1
take_02\Sub021_take_02\noaudio_Sub021_04_02_02.mp4,4,21,2
take_02\Sub021_take_02\noaudio_Sub021_05_01_02.mp4,5,21,1
take_02\Sub021_take_02\noaudio_Sub021_05_02_02.mp4,5,21,2
take_01\Sub021_take_01\noaudio_Sub021_01_01_01.mp4,1,21,1
take_01\Sub021_take_01\noaudio_Sub021_01_02_01.mp4,1,21,2
take_01\Sub021_take_01\noaudio_Sub021_02_01_01.mp4,2,21,1
take_01\Sub021_take_01\noaudio_Sub021_02_02_01.mp4,2,21,2
take_01\Sub021_take_01\noaudio_Sub021_03_01_01.mp4,3,21,1
take_01\Sub021_take_01\noaudio_Sub021_03_02_01.mp4,3,21,2
take_01\Sub021_take_01\noaudio_Sub021_04_01_01.mp4,4,21,1
take_01\Sub021_take_01\noaudio_Sub021_04_02_01.mp4,4,21,2
take_01\Sub021_take_01\noaudio_Sub021_05_01_01.mp4,5,21,1
take_01\Sub021_take_01\noaudio_Sub021_05_02_01.mp4,5,21,2
take_02\Sub022_take_02\noaudio_Sub022_01_01_02.mp4,1,22,1
take_02\Sub022_take_02\noaudio_Sub022_01_02_02.mp4,1,22,2
take_02\Sub022_take_02\noaudio_Sub022_02_01_02.mp4,2,22,1
take_02\Sub022_take_02\noaudio_Sub022_02_02_02.mp4,2,22,2
take_02\Sub022_take_02\noaudio_Sub022_03_01_02.mp4,3,22,1
take_02\Sub022_take_02\noaudio_Sub022_03_02_02.mp4,3,22,2
take_02\Sub022_take_02\noaudio_Sub022_04_01_02.mp4,4,22,1
take_02\Sub022_take_02\noaudio_Sub022_04_02_02.mp4,4,22,2
take_02\Sub022_take_02\noaudio_Sub022_05_01_02.mp4,5,22,1
take_02\Sub022_take_02\noaudio_Sub022_05_02_02.mp4,5,22,2
take_01\Sub022_take_01\noaudio_Sub022_01_01_01.mp4,1,22,1
take_01\Sub022_take_01\noaudio_Sub022_01_02_01.mp4,1,22,2
take_01\Sub022_take_01\noaudio_Sub022_02_01_01.mp4,2,22,1
take_01\Sub022_take_01\noaudio_Sub022_02_02_01.mp4,2,22,2
take_01\Sub022_take_01\noaudio_Sub022_03_01_01.mp4,3,22,1
take_01\Sub022_take_01\noaudio_Sub022_03_02_01.mp4,3,22,2
take_01\Sub022_take_01\noaudio_Sub022_04_01_01.mp4,4,22,1
take_01\Sub022_take_01\noaudio_Sub022_04_02_01.mp4,4,22,2
take_01\Sub022_take_01\noaudio_Sub022_05_01_01.mp4,5,22,1
take_01\Sub022_take_01\noaudio_Sub022_05_02_01.mp4,5,22,2
take_02\Sub023_take_02\noaudio_Sub023_01_01_02.mp4,1,23,1
take_02\Sub023_take_02\noaudio_Sub023_01_02_02.mp4,1,23,2
take_02\Sub023_take_02\noaudio_Sub023_02_01_02.mp4,2,23,1
take_02\Sub023_take_02\noaudio_Sub023_02_02_02.mp4,2,23,2
take_02\Sub023_take_02\noaudio_Sub023_03_01_02.mp4,3,23,1
take_02\Sub023_take_02\noaudio_Sub023_03_02_02.mp4,3,23,2
take_02\Sub023_take_02\noaudio_Sub023_04_01_02.mp4,4,23,1
take_02\Sub023_take_02\noaudio_Sub023_04_02_02.mp4,4,23,2
take_02\Sub023_take_02\noaudio_Sub023_05_01_02.mp4,5,23,1
take_02\Sub023_take_02\noaudio_Sub023_05_02_02.mp4,5,23,2
take_01\Sub023_take_01\noaudio_Sub023_01_01_01.mp4,1,23,1
take_01\Sub023_take_01\noaudio_Sub023_01_02_01.mp4,1,23,2
take_01\Sub023_take_01\noaudio_Sub023_02_01_01.mp4,2,23,1
take_01\Sub023_take_01\noaudio_Sub023_02_02_01.mp4,2,23,2
take_01\Sub023_take_01\noaudio_Sub023_03_01_01.mp4,3,23,1
take_01\Sub023_take_01\noaudio_Sub023_03_02_01.mp4,3,23,2
take_01\Sub023_take_01\noaudio_Sub023_04_01_01.mp4,4,23,1
take_01\Sub023_take_01\noaudio_Sub023_04_02_01.mp4,4,23,2
take_01\Sub023_take_01\noaudio_Sub023_05_01_01.mp4,5,23,1
take_01\Sub023_take_01\noaudio_Sub023_05_02_01.mp4,5,23,2
take_02\Sub024_take_02\noaudio_Sub024_01_01_02.mp4,1,24,1
take_02\Sub024_take_02\noaudio_Sub024_01_02_02.mp4,1,24,2
take_02\Sub024_take_02\noaudio_Sub024_02_01_02.mp4,2,24,1
take_02\Sub024_take_02\noaudio_Sub024_02_02_02.mp4,2,24,2
take_02\Sub024_take_02\noaudio_Sub024_03_01_02.mp4,3,24,1
take_02\Sub024_take_02\noaudio_Sub024_03_02_02.mp4,3,24,2
take_02\Sub024_take_02\noaudio_Sub024_04_01_02.mp4,4,24,1
take_02\Sub024_take_02\noaudio_Sub024_04_02_02.mp4,4,24,2
take_02\Sub024_take_02\noaudio_Sub024_05_01_02.mp4,5,24,1
take_02\Sub024_take_02\noaudio_Sub024_05_02_02.mp4,5,24,2
take_01\Sub024_take_01\noaudio_Sub024_01_01_01.mp4,1,24,1
take_01\Sub024_take_01\noaudio_Sub024_01_02_01.mp4,1,24,2
take_01\Sub024_take_01\noaudio_Sub024_02_01_01.mp4,2,24,1
take_01\Sub024_take_01\noaudio_Sub024_02_02_01.mp4,2,24,2
take_01\Sub024_take_01\noaudio_Sub024_03_01_01.mp4,3,24,1
take_01\Sub024_take_01\noaudio_Sub024_03_02_01.mp4,3,24,2
take_01\Sub024_take_01\noaudio_Sub024_04_01_01.mp4,4,24,1
take_01\Sub024_take_01\noaudio_Sub024_04_02_01.mp4,4,24,2
take_01\Sub024_take_01\noaudio_Sub024_05_01_01.mp4,5,24,1
take_01\Sub024_take_01\noaudio_Sub024_05_02_01.mp4,5,24,2
take_02\Sub025_take_02\noaudio_Sub025_01_01_02.mp4,1,25,1
take_02\Sub025_take_02\noaudio_Sub025_01_02_02.mp4,1,25,2
take_02\Sub025_take_02\noaudio_Sub025_02_01_02.mp4,2,25,1
take_02\Sub025_take_02\noaudio_Sub025_02_02_02.mp4,2,25,2
take_02\Sub025_take_02\noaudio_Sub025_03_01_02.mp4,3,25,1
take_02\Sub025_take_02\noaudio_Sub025_03_02_02.mp4,3,25,2
take_02\Sub025_take_02\noaudio_Sub025_04_01_02.mp4,4,25,1
take_02\Sub025_take_02\noaudio_Sub025_04_02_02.mp4,4,25,2
take_02\Sub025_take_02\noaudio_Sub025_05_01_02.mp4,5,25,1
take_02\Sub025_take_02\noaudio_Sub025_05_02_02.mp4,5,25,2
take_01\Sub025_take_01\noaudio_Sub025_01_01_01.mp4,1,25,1
take_01\Sub025_take_01\noaudio_Sub025_01_02_01.mp4,1,25,2
take_01\Sub025_take_01\noaudio_Sub025_02_01_01.mp4,2,25,1
take_01\Sub025_take_01\noaudio_Sub025_02_02_01.mp4,2,25,2
take_01\Sub025_take_01\noaudio_Sub025_03_01_01.mp4,3,25,1
take_01\Sub025_take_01\noaudio_Sub025_03_02_01.mp4,3,25,2
take_01\Sub025_take_01\noaudio_Sub025_04_01_01.mp4,4,25,1
take_01\Sub025_take_01\noaudio_Sub025_04_02_01.mp4,4,25,2
take_01\Sub025_take_01\noaudio_Sub025_05_01_01.mp4,5,25,1
take_01\Sub025_take_01\noaudio_Sub025_05_02_01.mp4,5,25,2
take_02\Sub026_take_02\noaudio_Sub026_01_01_02.mp4,1,26,1
take_02\Sub026_take_02\noaudio_Sub026_01_02_02.mp4,1,26,2
take_02\Sub026_take_02\noaudio_Sub026_02_01_02.mp4,2,26,1
take_02\Sub026_take_02\noaudio_Sub026_02_02_02.mp4,2,26,2
take_02\Sub026_take_02\noaudio_Sub026_03_01_02.mp4,3,26,1
take_02\Sub026_take_02\noaudio_Sub026_03_02_02.mp4,3,26,2
take_02\Sub026_take_02\noaudio_Sub026_04_01_02.mp4,4,26,1
take_02\Sub026_take_02\noaudio_Sub026_04_02_02.mp4,4,26,2
take_02\Sub026_take_02\noaudio_Sub026_05_01_02.mp4,5,26,1
take_02\Sub026_take_02\noaudio_Sub026_05_02_02.mp4,5,26,2
take_01\Sub026_take_01\noaudio_Sub026_01_01_01.mp4,1,26,1
take_01\Sub026_take_01\noaudio_Sub026_01_02_01.mp4,1,26,2
take_01\Sub026_take_01\noaudio_Sub026_02_01_01.mp4,2,26,1
take_01\Sub026_take_01\noaudio_Sub026_02_02_01.mp4,2,26,2
take_01\Sub026_take_01\noaudio_Sub026_03_01_01.mp4,3,26,1
take_01\Sub026_take_01\noaudio_Sub026_03_02_01.mp4,3,26,2
take_01\Sub026_take_01\noaudio_Sub026_04_01_01.mp4,4,26,1
take_01\Sub026_take_01\noaudio_Sub026_04_02_01.mp4,4,26,2
take_01\Sub026_take_01\noaudio_Sub026_05_01_01.mp4,5,26,1
take_01\Sub026_take_01\noaudio_Sub026_05_02_01.mp4,5,26,2
take_02\Sub027_take_02\noaudio_Sub027_01_01_02.mp4,1,27,1
take_02\Sub027_take_02\noaudio_Sub027_01_02_02.mp4,1,27,2
take_02\Sub027_take_02\noaudio_Sub027_02_01_02.mp4,2,27,1
take_02\Sub027_take_02\noaudio_Sub027_02_02_02.mp4,2,27,2
take_02\Sub027_take_02\noaudio_Sub027_03_01_02.mp4,3,27,1
take_02\Sub027_take_02\noaudio_Sub027_03_02_02.mp4,3,27,2
take_02\Sub027_take_02\noaudio_Sub027_04_01_02.mp4,4,27,1
take_02\Sub027_take_02\noaudio_Sub027_04_02_02.mp4,4,27,2
take_02\Sub027_take_02\noaudio_Sub027_05_01_02.mp4,5,27,1
take_02\Sub027_take_02\noaudio_Sub027_05_02_02.mp4,5,27,2
take_01\Sub027_take_01\noaudio_Sub027_01_01_01.mp4,1,27,1
take_01\Sub027_take_01\noaudio_Sub027_01_02_01.mp4,1,27,2
take_01\Sub027_take_01\noaudio_Sub027_02_01_01.mp4,2,27,1
take_01\Sub027_take_01\noaudio_Sub027_02_02_01.mp4,2,27,2
take_01\Sub027_take_01\noaudio_Sub027_03_01_01.mp4,3,27,1
take_01\Sub027_take_01\noaudio_Sub027_03_02_01.mp4,3,27,2
take_01\Sub027_take_01\noaudio_Sub027_04_01_01.mp4,4,27,1
take_01\Sub027_take_01\noaudio_Sub027_04_02_01.mp4,4,27,2
take_01\Sub027_take_01\noaudio_Sub027_05_01_01.mp4,5,27,1
take_01\Sub027_take_01\noaudio_Sub027_05_02_01.mp4,5,27,2
take_02\Sub028_take_02\noaudio_Sub028_01_01_02.mp4,1,28,1
take_02\Sub028_take_02\noaudio_Sub028_01_02_02.mp4,1,28,2
take_02\Sub028_take_02\noaudio_Sub028_02_01_02.mp4,2,28,1
take_02\Sub028_take_02\noaudio_Sub028_02_02_02.mp4,2,28,2
take_02\Sub028_take_02\noaudio_Sub028_03_01_02.mp4,3,28,1
take_02\Sub028_take_02\noaudio_Sub028_03_02_02.mp4,3,28,2
take_02\Sub028_take_02\noaudio_Sub028_04_01_02.mp4,4,28,1
take_02\Sub028_take_02\noaudio_Sub028_04_02_02.mp4,4,28,2
take_02\Sub028_take_02\noaudio_Sub028_05_01_02.mp4,5,28,1
take_02\Sub028_take_02\noaudio_Sub028_05_02_02.mp4,5,28,2
take_01\Sub028_take_01\noaudio_Sub028_01_01_01.mp4,1,28,1
take_01\Sub028_take_01\noaudio_Sub028_01_02_01.mp4,1,28,2
take_01\Sub028_take_01\noaudio_Sub028_02_01_01.mp4,2,28,1
take_01\Sub028_take_01\noaudio_Sub028_02_02_01.mp4,2,28,2
take_01\Sub028_take_01\noaudio_Sub028_03_01_01.mp4,3,28,1
take_01\Sub028_take_01\noaudio_Sub028_03_02_01.mp4,3,28,2
take_01\Sub028_take_01\noaudio_Sub028_04_01_01.mp4,4,28,1
take_01\Sub028_take_01\noaudio_Sub028_04_02_01.mp4,4,28,2
take_01\Sub028_take_01\noaudio_Sub028_05_01_01.mp4,5,28,1
take_01\Sub028_take_01\noaudio_Sub028_05_02_01.mp4,5,28,2
take_02\Sub029_take_02\noaudio_Sub029_01_01_02.mp4,1,29,1
take_02\Sub029_take_02\noaudio_Sub029_01_02_02.mp4,1,29,2
take_02\Sub029_take_02\noaudio_Sub029_02_01_02.mp4,2,29,1
take_02\Sub029_take_02\noaudio_Sub029_02_02_02.mp4,2,29,2
take_02\Sub029_take_02\noaudio_Sub029_03_01_02.mp4,3,29,1
take_02\Sub029_take_02\noaudio_Sub029_03_02_02.mp4,3,29,2
take_02\Sub029_take_02\noaudio_Sub029_04_01_02.mp4,4,29,1
take_02\Sub029_take_02\noaudio_Sub029_04_02_02.mp4,4,29,2
take_02\Sub029_take_02\noaudio_Sub029_05_01_02.mp4,5,29,1
take_02\Sub029_take_02\noaudio_Sub029_05_02_02.mp4,5,29,2
take_01\Sub029_take_01\noaudio_Sub029_01_01_01.mp4,1,29,1
take_01\Sub029_take_01\noaudio_Sub029_01_02_01.mp4,1,29,2
take_01\Sub029_take_01\noaudio_Sub029_02_01_01.mp4,2,29,1
take_01\Sub029_take_01\noaudio_Sub029_02_02_01.mp4,2,29,2
take_01\Sub029_take_01\noaudio_Sub029_03_01_01.mp4,3,29,1
take_01\Sub029_take_01\noaudio_Sub029_03_02_01.mp4,3,29,2
take_01\Sub029_take_01\noaudio_Sub029_04_01_01.mp4,4,29,1
take_01\Sub029_take_01\noaudio_Sub029_04_02_01.mp4,4,29,2
take_01\Sub029_take_01\noaudio_Sub029_05_01_01.mp4,5,29,1
take_01\Sub029_take_01\noaudio_Sub029_05_02_01.mp4,5,29,2
take_02\Sub030_take_02\noaudio_Sub030_01_01_02.mp4,1,30,1
take_02\Sub030_take_02\noaudio_Sub030_01_02_02.mp4,1,30,2
take_02\Sub030_take_02\noaudio_Sub030_02_01_02.mp4,2,30,1
take_02\Sub030_take_02\noaudio_Sub030_02_02_02.mp4,2,30,2
take_02\Sub030_take_02\noaudio_Sub030_03_01_02.mp4,3,30,1
take_02\Sub030_take_02\noaudio_Sub030_03_02_02.mp4,3,30,2
take_02\Sub030_take_02\noaudio_Sub030_04_01_02.mp4,4,30,1
take_02\Sub030_take_02\noaudio_Sub030_04_02_02.mp4,4,30,2
take_02\Sub030_take_02\noaudio_Sub030_05_01_02.mp4,5,30,1
take_02\Sub030_take_02\noaudio_Sub030_05_02_02.mp4,5,30,2
take_01\Sub030_take_01\noaudio_Sub030_01_01_01.mp4,1,30,1
take_01\Sub030_take_01\noaudio_Sub030_01_02_01.mp4,1,30,2
take_01\Sub030_take_01\noaudio_Sub030_02_01_01.mp4,2,30,1
take_01\Sub030_take_01\noaudio_Sub030_02_02_01.mp4,2,30,2
take_01\Sub030_take_01\noaudio_Sub030_03_01_01.mp4,3,30,1
take_01\Sub030_take_01\noaudio_Sub030_03_02_01.mp4,3,30,2
take_01\Sub030_take_01\noaudio_Sub030_04_01_01.mp4,4,30,1
take_01\Sub030_take_01\noaudio_Sub030_04_02_01.mp4,4,30,2
take_01\Sub030_take_01\noaudio_Sub030_05_01_01.mp4,5,30,1
take_01\Sub030_take_01\noaudio_Sub030_05_02_01.mp4,5,30,2
take_02\Sub031_take_02\noaudio_Sub031_01_01_02.mp4,1,31,1
take_02\Sub031_take_02\noaudio_Sub031_01_02_02.mp4,1,31,2
take_02\Sub031_take_02\noaudio_Sub031_02_01_02.mp4,2,31,1
take_02\Sub031_take_02\noaudio_Sub031_02_02_02.mp4,2,31,2
take_02\Sub031_take_02\noaudio_Sub031_03_01_02.mp4,3,31,1
take_02\Sub031_take_02\noaudio_Sub031_03_02_02.mp4,3,31,2
take_02\Sub031_take_02\noaudio_Sub031_04_01_02.mp4,4,31,1
take_02\Sub031_take_02\noaudio_Sub031_04_02_02.mp4,4,31,2
take_02\Sub031_take_02\noaudio_Sub031_05_01_02.mp4,5,31,1
take_02\Sub031_take_02\noaudio_Sub031_05_02_02.mp4,5,31,2
take_01\Sub031_take_01\noaudio_Sub031_01_01_01.mp4,1,31,1
take_01\Sub031_take_01\noaudio_Sub031_01_02_01.mp4,1,31,2
take_01\Sub031_take_01\noaudio_Sub031_02_01_01.mp4,2,31,1
take_01\Sub031_take_01\noaudio_Sub031_02_02_01.mp4,2,31,2
take_01\Sub031_take_01\noaudio_Sub031_03_01_01.mp4,3,31,1
take_01\Sub031_take_01\noaudio_Sub031_03_02_01.mp4,3,31,2
take_01\Sub031_take_01\noaudio_Sub031_04_01_01.mp4,4,31,1
take_01\Sub031_take_01\noaudio_Sub031_04_02_01.mp4,4,31,2
take_01\Sub031_take_01\noaudio_Sub031_05_01_01.mp4,5,31,1
take_01\Sub031_take_01\noaudio_Sub031_05_02_01.mp4,5,31,2
take_02\Sub032_take_02\noaudio_Sub032_01_01_02.mp4,1,32,1
take_02\Sub032_take_02\noaudio_Sub032_01_02_02.mp4,1,32,2
take_02\Sub032_take_02\noaudio_Sub032_02_01_02.mp4,2,32,1
take_02\Sub032_take_02\noaudio_Sub032_02_02_02.mp4,2,32,2
take_02\Sub032_take_02\noaudio_Sub032_03_01_02.mp4,3,32,1
take_02\Sub032_take_02\noaudio_Sub032_03_02_02.mp4,3,32,2
take_02\Sub032_take_02\noaudio_Sub032_04_01_02.mp4,4,32,1
take_02\Sub032_take_02\noaudio_Sub032_04_02_02.mp4,4,32,2
take_02\Sub032_take_02\noaudio_Sub032_05_02_02.mp4,5,32,2
take_01\Sub032_take_01\noaudio_Sub032_01_01_01.mp4,1,32,1
take_01\Sub032_take_01\noaudio_Sub032_01_02_01.mp4,1,32,2
take_01\Sub032_take_01\noaudio_Sub032_02_01_01.mp4,2,32,1
take_01\Sub032_take_01\noaudio_Sub032_02_02_01.mp4,2,32,2
take_01\Sub032_take_01\noaudio_Sub032_03_01_01.mp4,3,32,1
take_01\Sub032_take_01\noaudio_Sub032_03_02_01.mp4,3,32,2
take_01\Sub032_take_01\noaudio_Sub032_04_01_01.mp4,4,32,1
take_01\Sub032_take_01\noaudio_Sub032_04_02_01.mp4,4,32,2
take_01\Sub032_take_01\noaudio_Sub032_05_01_01.mp4,5,32,1
take_01\Sub032_take_01\noaudio_Sub032_05_02_01.mp4,5,32,2
take_02\Sub033_take_02\noaudio_Sub033_01_01_02.mp4,1,33,1
take_02\Sub033_take_02\noaudio_Sub033_02_01_02.mp4,2,33,1
take_02\Sub033_take_02\noaudio_Sub033_02_02_02.mp4,2,33,2
take_02\Sub033_take_02\noaudio_Sub033_03_01_02.mp4,3,33,1
take_02\Sub033_take_02\noaudio_Sub033_03_02_02.mp4,3,33,2
take_02\Sub033_take_02\noaudio_Sub033_04_01_02.mp4,4,33,1
take_02\Sub033_take_02\noaudio_Sub033_04_02_02.mp4,4,33,2
take_02\Sub033_take_02\noaudio_Sub033_05_01_02.mp4,5,33,1
take_02\Sub033_take_02\noaudio_Sub033_05_02_02.mp4,5,33,2
take_01\Sub033_take_01\noaudio_Sub033_01_01_01.mp4,1,33,1
take_01\Sub033_take_01\noaudio_Sub033_01_02_01.mp4,1,33,2
take_01\Sub033_take_01\noaudio_Sub033_02_01_01.mp4,2,33,1
take_01\Sub033_take_01\noaudio_Sub033_02_02_01.mp4,2,33,2
take_01\Sub033_take_01\noaudio_Sub033_03_01_01.mp4,3,33,1
take_01\Sub033_take_01\noaudio_Sub033_03_02_01.mp4,3,33,2
take_01\Sub033_take_01\noaudio_Sub033_04_01_01.mp4,4,33,1
take_01\Sub033_take_01\noaudio_Sub033_04_02_01.mp4,4,33,2
take_01\Sub033_take_01\noaudio_Sub033_05_01_01.mp4,5,33,1
take_01\Sub033_take_01\noaudio_Sub033_05_02_01.mp4,5,33,2
take_02\Sub034_take_02\noaudio_Sub034_01_01_02.mp4,1,34,1
take_02\Sub034_take_02\noaudio_Sub034_01_02_02.mp4,1,34,2
take_02\Sub034_take_02\noaudio_Sub034_02_01_02.mp4,2,34,1
take_02\Sub034_take_02\noaudio_Sub034_02_02_02.mp4,2,34,2
take_02\Sub034_take_02\noaudio_Sub034_03_01_02.mp4,3,34,1
take_02\Sub034_take_02\noaudio_Sub034_03_02_02.mp4,3,34,2
take_02\Sub034_take_02\noaudio_Sub034_04_01_02.mp4,4,34,1
take_02\Sub034_take_02\noaudio_Sub034_04_02_02.mp4,4,34,2
take_02\Sub034_take_02\noaudio_Sub034_05_01_02.mp4,5,34,1
take_02\Sub034_take_02\noaudio_Sub034_05_02_02.mp4,5,34,2
take_01\Sub034_take_01\noaudio_Sub034_01_01_01.mp4,1,34,1
take_01\Sub034_take_01\noaudio_Sub034_01_02_01.mp4,1,34,2
take_01\Sub034_take_01\noaudio_Sub034_02_01_01.mp4,2,34,1
take_01\Sub034_take_01\noaudio_Sub034_02_02_01.mp4,2,34,2
take_01\Sub034_take_01\noaudio_Sub034_03_01_01.mp4,3,34,1
take_01\Sub034_take_01\noaudio_Sub034_03_02_01.mp4,3,34,2
take_01\Sub034_take_01\noaudio_Sub034_04_01_01.mp4,4,34,1
take_01\Sub034_take_01\noaudio_Sub034_04_02_01.mp4,4,34,2
take_01\Sub034_take_01\noaudio_Sub034_05_01_01.mp4,5,34,1
take_01\Sub034_take_01\noaudio_Sub034_05_02_01.mp4,5,34,2
take_02\Sub035_take_02\noaudio_Sub035_01_01_02.mp4,1,35,1
take_02\Sub035_take_02\noaudio_Sub035_01_02_02.mp4,1,35,2
take_02\Sub035_take_02\noaudio_Sub035_02_01_02.mp4,2,35,1
take_02\Sub035_take_02\noaudio_Sub035_02_02_02.mp4,2,35,2
take_02\Sub035_take_02\noaudio_Sub035_03_01_02.mp4,3,35,1
take_02\Sub035_take_02\noaudio_Sub035_04_01_02.mp4,4,35,1
take_02\Sub035_take_02\noaudio_Sub035_04_02_02.mp4,4,35,2
take_02\Sub035_take_02\noaudio_Sub035_05_01_02.mp4,5,35,1
take_02\Sub035_take_02\noaudio_Sub035_05_02_02.mp4,5,35,2
take_01\Sub035_take_01\noaudio_Sub035_01_01_01.mp4,1,35,1
take_01\Sub035_take_01\noaudio_Sub035_01_02_01.mp4,1,35,2
take_01\Sub035_take_01\noaudio_Sub035_02_01_01.mp4,2,35,1
take_01\Sub035_take_01\noaudio_Sub035_02_02_01.mp4,2,35,2
take_01\Sub035_take_01\noaudio_Sub035_03_01_01.mp4,3,35,1
take_01\Sub035_take_01\noaudio_Sub035_03_02_01.mp4,3,35,2
take_01\Sub035_take_01\noaudio_Sub035_04_01_01.mp4,4,35,1
take_01\Sub035_take_01\noaudio_Sub035_04_02_01.mp4,4,35,2
take_01\Sub035_take_01\noaudio_Sub035_05_01_01.mp4,5,35,1
take_01\Sub035_take_01\noaudio_Sub035_05_02_01.mp4,5,35,2
take_02\Sub039_take_02\noaudio_Sub039_01_01_02.mp4,1,39,1
take_02\Sub039_take_02\noaudio_Sub039_01_02_02.mp4,1,39,2
take_02\Sub039_take_02\noaudio_Sub039_02_01_02.mp4,2,39,1
take_02\Sub039_take_02\noaudio_Sub039_02_02_02.mp4,2,39,2
take_02\Sub039_take_02\noaudio_Sub039_03_01_02.mp4,3,39,1
take_02\Sub039_take_02\noaudio_Sub039_03_02_02.mp4,3,39,2
take_02\Sub039_take_02\noaudio_Sub039_04_01_02.mp4,4,39,1
take_02\Sub039_take_02\noaudio_Sub039_04_02_02.mp4,4,39,2
take_02\Sub039_take_02\noaudio_Sub039_05_01_02.mp4,5,39,1
take_02\Sub039_take_02\noaudio_Sub039_05_02_02.mp4,5,39,2
take_01\Sub039_take_01\noaudio_Sub039_01_01_01.mp4,1,39,1
take_01\Sub039_take_01\noaudio_Sub039_01_02_01.mp4,1,39,2
take_01\Sub039_take_01\noaudio_Sub039_02_01_01.mp4,2,39,1
take_01\Sub039_take_01\noaudio_Sub039_02_02_01.mp4,2,39,2
take_01\Sub039_take_01\noaudio_Sub039_03_01_01.mp4,3,39,1
take_01\Sub039_take_01\noaudio_Sub039_03_02_01.mp4,3,39,2
take_01\Sub039_take_01\noaudio_Sub039_04_01_01.mp4,4,39,1
take_01\Sub039_take_01\noaudio_Sub039_04_02_01.mp4,4,39,2
take_01\Sub039_take_01\noaudio_Sub039_05_01_01.mp4,5,39,1
take_01\Sub039_take_01\noaudio_Sub039_05_02_01.mp4,5,39,2
take_02\Sub041_take_02\noaudio_Sub041_01_01_02.mp4,1,41,1
take_02\Sub041_take_02\noaudio_Sub041_01_02_02.mp4,1,41,2
take_02\Sub041_take_02\noaudio_Sub041_02_01_02.mp4,2,41,1
take_02\Sub041_take_02\noaudio_Sub041_02_02_02.mp4,2,41,2
take_02\Sub041_take_02\noaudio_Sub041_03_01_02.mp4,3,41,1
take_02\Sub041_take_02\noaudio_Sub041_03_02_02.mp4,3,41,2
take_02\Sub041_take_02\noaudio_Sub041_04_01_02.mp4,4,41,1
take_02\Sub041_take_02\noaudio_Sub041_04_02_02.mp4,4,41,2
take_02\Sub041_take_02\noaudio_Sub041_05_01_02.mp4,5,41,1
take_02\Sub041_take_02\noaudio_Sub041_05_02_02.mp4,5,41,2
take_01\Sub041_take_01\noaudio_Sub041_01_01_01.mp4,1,41,1
take_01\Sub041_take_01\noaudio_Sub041_01_02_01.mp4,1,41,2
take_01\Sub041_take_01\noaudio_Sub041_02_01_01.mp4,2,41,1
take_01\Sub041_take_01\noaudio_Sub041_02_02_01.mp4,2,41,2
take_01\Sub041_take_01\noaudio_Sub041_03_01_01.mp4,3,41,1
take_01\Sub041_take_01\noaudio_Sub041_03_02_01.mp4,3,41,2
take_01\Sub041_take_01\noaudio_Sub041_04_01_01.mp4,4,41,1
take_01\Sub041_take_01\noaudio_Sub041_04_02_01.mp4,4,41,2
take_01\Sub041_take_01\noaudio_Sub041_05_01_01.mp4,5,41,1
take_01\Sub041_take_01\noaudio_Sub041_05_02_01.mp4,5,41,2
take_02\Sub042_take_02\noaudio_Sub042_01_01_02.mp4,1,42,1
take_02\Sub042_take_02\noaudio_Sub042_01_02_02.mp4,1,42,2
take_02\Sub042_take_02\noaudio_Sub042_02_01_02.mp4,2,42,1
take_02\Sub042_take_02\noaudio_Sub042_02_02_02.mp4,2,42,2
take_02\Sub042_take_02\noaudio_Sub042_03_01_02.mp4,3,42,1
take_02\Sub042_take_02\noaudio_Sub042_03_02_02.mp4,3,42,2
take_02\Sub042_take_02\noaudio_Sub042_04_01_02.mp4,4,42,1
take_02\Sub042_take_02\noaudio_Sub042_04_02_02.mp4,4,42,2
take_02\Sub042_take_02\noaudio_Sub042_05_01_02.mp4,5,42,1
take_02\Sub042_take_02\noaudio_Sub042_05_02_02.mp4,5,42,2
take_01\Sub042_take_01\noaudio_Sub042_01_01_01.mp4,1,42,1
take_01\Sub042_take_01\noaudio_Sub042_01_02_01.mp4,1,42,2
take_01\Sub042_take_01\noaudio_Sub042_02_01_01.mp4,2,42,1
take_01\Sub042_take_01\noaudio_Sub042_02_02_01.mp4,2,42,2
take_01\Sub042_take_01\noaudio_Sub042_03_01_01.mp4,3,42,1
take_01\Sub042_take_01\noaudio_Sub042_03_02_01.mp4,3,42,2
take_01\Sub042_take_01\noaudio_Sub042_04_01_01.mp4,4,42,1
take_01\Sub042_take_01\noaudio_Sub042_04_02_01.mp4,4,42,2
take_01\Sub042_take_01\noaudio_Sub042_05_01_01.mp4,5,42,1
take_01\Sub042_take_01\noaudio_Sub042_05_02_01.mp4,5,42,2
take_02\Sub043_take_02\noaudio_Sub043_01_01_02.mp4,1,43,1
take_02\Sub043_take_02\noaudio_Sub043_01_02_02.mp4,1,43,2
take_02\Sub043_take_02\noaudio_Sub043_02_01_02.mp4,2,43,1
take_02\Sub043_take_02\noaudio_Sub043_02_02_02.mp4,2,43,2
take_02\Sub043_take_02\noaudio_Sub043_03_01_02.mp4,3,43,1
take_02\Sub043_take_02\noaudio_Sub043_03_02_02.mp4,3,43,2
take_02\Sub043_take_02\noaudio_Sub043_04_01_02.mp4,4,43,1
take_02\Sub043_take_02\noaudio_Sub043_04_02_02.mp4,4,43,2
take_02\Sub043_take_02\noaudio_Sub043_05_01_02.mp4,5,43,1
take_02\Sub043_take_02\noaudio_Sub043_05_02_02.mp4,5,43,2
take_01\Sub043_take_01\noaudio_Sub043_01_01_01.mp4,1,43,1
take_01\Sub043_take_01\noaudio_Sub043_01_02_01.mp4,1,43,2
take_01\Sub043_take_01\noaudio_Sub043_02_01_01.mp4,2,43,1
take_01\Sub043_take_01\noaudio_Sub043_02_02_01.mp4,2,43,2
take_01\Sub043_take_01\noaudio_Sub043_03_01_01.mp4,3,43,1
take_01\Sub043_take_01\noaudio_Sub043_03_02_01.mp4,3,43,2
take_01\Sub043_take_01\noaudio_Sub043_04_01_01.mp4,4,43,1
take_01\Sub043_take_01\noaudio_Sub043_04_02_01.mp4,4,43,2
take_01\Sub043_take_01\noaudio_Sub043_05_01_01.mp4,5,43,1
take_01\Sub043_take_01\noaudio_Sub043_05_02_01.mp4,5,43,2
take_02\Sub044_take_02\noaudio_Sub044_01_01_02.mp4,1,44,1
take_02\Sub044_take_02\noaudio_Sub044_01_02_02.mp4,1,44,2
take_02\Sub044_take_02\noaudio_Sub044_02_01_02.mp4,2,44,1
take_02\Sub044_take_02\noaudio_Sub044_02_02_02.mp4,2,44,2
take_02\Sub044_take_02\noaudio_Sub044_03_01_02.mp4,3,44,1
take_02\Sub044_take_02\noaudio_Sub044_03_02_02.mp4,3,44,2
take_02\Sub044_take_02\noaudio_Sub044_04_01_02.mp4,4,44,1
take_02\Sub044_take_02\noaudio_Sub044_04_02_02.mp4,4,44,2
take_02\Sub044_take_02\noaudio_Sub044_05_01_02.mp4,5,44,1
take_02\Sub044_take_02\noaudio_Sub044_05_02_02.mp4,5,44,2
take_01\Sub044_take_01\noaudio_Sub044_01_01_01.mp4,1,44,1
take_01\Sub044_take_01\noaudio_Sub044_01_02_01.mp4,1,44,2
take_01\Sub044_take_01\noaudio_Sub044_02_01_01.mp4,2,44,1
take_01\Sub044_take_01\noaudio_Sub044_02_02_01.mp4,2,44,2
take_01\Sub044_take_01\noaudio_Sub044_03_01_01.mp4,3,44,1
take_01\Sub044_take_01\noaudio_Sub044_03_02_01.mp4,3,44,2
take_01\Sub044_take_01\noaudio_Sub044_04_01_01.mp4,4,44,1
take_01\Sub044_take_01\noaudio_Sub044_04_02_01.mp4,4,44,2
take_01\Sub044_take_01\noaudio_Sub044_05_01_01.mp4,5,44,1
take_01\Sub044_take_01\noaudio_Sub044_05_02_01.mp4,5,44,2
take_02\Sub045_take_02\noaudio_Sub045_01_01_02.mp4,1,45,1
take_02\Sub045_take_02\noaudio_Sub045_01_02_02.mp4,1,45,2
take_02\Sub045_take_02\noaudio_Sub045_02_01_02.mp4,2,45,1
take_02\Sub045_take_02\noaudio_Sub045_02_02_02.mp4,2,45,2
take_02\Sub045_take_02\noaudio_Sub045_03_01_02.mp4,3,45,1
take_02\Sub045_take_02\noaudio_Sub045_03_02_02.mp4,3,45,2
take_02\Sub045_take_02\noaudio_Sub045_04_01_02.mp4,4,45,1
take_02\Sub045_take_02\noaudio_Sub045_04_02_02.mp4,4,45,2
take_02\Sub045_take_02\noaudio_Sub045_05_01_02.mp4,5,45,1
take_02\Sub045_take_02\noaudio_Sub045_05_02_02.mp4,5,45,2
take_01\Sub045_take_01\noaudio_Sub045_01_01_01.mp4,1,45,1
take_01\Sub045_take_01\noaudio_Sub045_01_02_01.mp4,1,45,2
take_01\Sub045_take_01\noaudio_Sub045_02_01_01.mp4,2,45,1
take_01\Sub045_take_01\noaudio_Sub045_02_02_01.mp4,2,45,2
take_01\Sub045_take_01\noaudio_Sub045_03_01_01.mp4,3,45,1
take_01\Sub045_take_01\noaudio_Sub045_03_02_01.mp4,3,45,2
take_01\Sub045_take_01\noaudio_Sub045_04_01_01.mp4,4,45,1
take_01\Sub045_take_01\noaudio_Sub045_04_02_01.mp4,4,45,2
take_01\Sub045_take_01\noaudio_Sub045_05_01_01.mp4,5,45,1
take_01\Sub045_take_01\noaudio_Sub045_05_02_01.mp4,5,45,2
take_02\Sub046_take_02\noaudio_Sub046_01_01_02.mp4,1,46,1
take_02\Sub046_take_02\noaudio_Sub046_01_02_02.mp4,1,46,2
take_02\Sub046_take_02\noaudio_Sub046_02_01_02.mp4,2,46,1
take_02\Sub046_take_02\noaudio_Sub046_02_02_02.mp4,2,46,2
take_02\Sub046_take_02\noaudio_Sub046_03_01_02.mp4,3,46,1
take_02\Sub046_take_02\noaudio_Sub046_03_02_02.mp4,3,46,2
take_02\Sub046_take_02\noaudio_Sub046_04_01_02.mp4,4,46,1
take_02\Sub046_take_02\noaudio_Sub046_04_02_02.mp4,4,46,2
take_02\Sub046_take_02\noaudio_Sub046_05_01_02.mp4,5,46,1
take_02\Sub046_take_02\noaudio_Sub046_05_02_02.mp4,5,46,2
take_01\Sub046_take_01\noaudio_Sub046_01_01_01.mp4,1,46,1
take_01\Sub046_take_01\noaudio_Sub046_01_02_01.mp4,1,46,2
take_01\Sub046_take_01\noaudio_Sub046_02_01_01.mp4,2,46,1
take_01\Sub046_take_01\noaudio_Sub046_02_02_01.mp4,2,46,2
take_01\Sub046_take_01\noaudio_Sub046_03_01_01.mp4,3,46,1
take_01\Sub046_take_01\noaudio_Sub046_03_02_01.mp4,3,46,2
take_01\Sub046_take_01\noaudio_Sub046_04_01_01.mp4,4,46,1
take_01\Sub046_take_01\noaudio_Sub046_04_02_01.mp4,4,46,2
take_01\Sub046_take_01\noaudio_Sub046_05_01_01.mp4,5,46,1
take_01\Sub046_take_01\noaudio_Sub046_05_02_01.mp4,5,46,2
take_02\Sub047_take_02\noaudio_Sub047_01_01_02.mp4,1,47,1
take_02\Sub047_take_02\noaudio_Sub047_01_02_02.mp4,1,47,2
take_02\Sub047_take_02\noaudio_Sub047_02_01_02.mp4,2,47,1
take_02\Sub047_take_02\noaudio_Sub047_02_02_02.mp4,2,47,2
take_02\Sub047_take_02\noaudio_Sub047_03_01_02.mp4,3,47,1
take_02\Sub047_take_02\noaudio_Sub047_03_02_02.mp4,3,47,2
take_02\Sub047_take_02\noaudio_Sub047_04_01_02.mp4,4,47,1
take_02\Sub047_take_02\noaudio_Sub047_04_02_02.mp4,4,47,2
take_02\Sub047_take_02\noaudio_Sub047_05_01_02.mp4,5,47,1
take_02\Sub047_take_02\noaudio_Sub047_05_02_02.mp4,5,47,2
take_01\Sub047_take_01\noaudio_Sub047_01_01_01.mp4,1,47,1
take_01\Sub047_take_01\noaudio_Sub047_01_02_01.mp4,1,47,2
take_01\Sub047_take_01\noaudio_Sub047_02_01_01.mp4,2,47,1
take_01\Sub047_take_01\noaudio_Sub047_02_02_01.mp4,2,47,2
take_01\Sub047_take_01\noaudio_Sub047_03_01_01.mp4,3,47,1
take_01\Sub047_take_01\noaudio_Sub047_03_02_01.mp4,3,47,2
take_01\Sub047_take_01\noaudio_Sub047_04_01_01.mp4,4,47,1
take_01\Sub047_take_01\noaudio_Sub047_04_02_01.mp4,4,47,2
take_01\Sub047_take_01\noaudio_Sub047_05_01_01.mp4,5,47,1
take_01\Sub047_take_01\noaudio_Sub047_05_02_01.mp4,5,47,2
take_02\Sub048_take_02\noaudio_Sub048_01_01_02.mp4,1,48,1
take_02\Sub048_take_02\noaudio_Sub048_01_02_02.mp4,1,48,2
take_02\Sub048_take_02\noaudio_Sub048_02_01_02.mp4,2,48,1
take_02\Sub048_take_02\noaudio_Sub048_02_02_02.mp4,2,48,2
take_02\Sub048_take_02\noaudio_Sub048_03_01_02.mp4,3,48,1
take_02\Sub048_take_02\noaudio_Sub048_03_02_02.mp4,3,48,2
take_02\Sub048_take_02\noaudio_Sub048_04_01_02.mp4,4,48,1
take_02\Sub048_take_02\noaudio_Sub048_04_02_02.mp4,4,48,2
take_02\Sub048_take_02\noaudio_Sub048_05_01_02.mp4,5,48,1
take_02\Sub048_take_02\noaudio_Sub048_05_02_02.mp4,5,48,2
take_01\Sub048_take_01\noaudio_Sub048_01_01_01.mp4,1,48,1
take_01\Sub048_take_01\noaudio_Sub048_01_02_01.mp4,1,48,2
take_01\Sub048_take_01\noaudio_Sub048_02_01_01.mp4,2,48,1
take_01\Sub048_take_01\noaudio_Sub048_02_02_01.mp4,2,48,2
take_01\Sub048_take_01\noaudio_Sub048_03_01_01.mp4,3,48,1
take_01\Sub048_take_01\noaudio_Sub048_03_02_01.mp4,3,48,2
take_01\Sub048_take_01\noaudio_Sub048_04_01_01.mp4,4,48,1
take_01\Sub048_take_01\noaudio_Sub048_04_02_01.mp4,4,48,2
take_01\Sub048_take_01\noaudio_Sub048_05_01_01.mp4,5,48,1
take_01\Sub048_take_01\noaudio_Sub048_05_02_01.mp4,5,48,2
take_02\Sub049_take_02\noaudio_Sub049_01_01_02.mp4,1,49,1
take_02\Sub049_take_02\noaudio_Sub049_01_02_02.mp4,1,49,2
take_02\Sub049_take_02\noaudio_Sub049_02_01_02.mp4,2,49,1
take_02\Sub049_take_02\noaudio_Sub049_02_02_02.mp4,2,49,2
take_02\Sub049_take_02\noaudio_Sub049_03_01_02.mp4,3,49,1
take_02\Sub049_take_02\noaudio_Sub049_03_02_02.mp4,3,49,2
take_02\Sub049_take_02\noaudio_Sub049_04_01_02.mp4,4,49,1
take_02\Sub049_take_02\noaudio_Sub049_04_02_02.mp4,4,49,2
take_02\Sub049_take_02\noaudio_Sub049_05_01_02.mp4,5,49,1
take_02\Sub049_take_02\noaudio_Sub049_05_02_02.mp4,5,49,2
take_01\Sub049_take_01\noaudio_Sub049_01_01_01.mp4,1,49,1
take_01\Sub049_take_01\noaudio_Sub049_01_02_01.mp4,1,49,2
take_01\Sub049_take_01\noaudio_Sub049_02_01_01.mp4,2,49,1
take_01\Sub049_take_01\noaudio_Sub049_02_02_01.mp4,2,49,2
take_01\Sub049_take_01\noaudio_Sub049_03_01_01.mp4,3,49,1
take_01\Sub049_take_01\noaudio_Sub049_03_02_01.mp4,3,49,2
take_01\Sub049_take_01\noaudio_Sub049_04_01_01.mp4,4,49,1
take_01\Sub049_take_01\noaudio_Sub049_04_02_01.mp4,4,49,2
take_01\Sub049_take_01\noaudio_Sub049_05_01_01.mp4,5,49,1
take_01\Sub049_take_01\noaudio_Sub049_05_02_01.mp4,5,49,2
take_02\Sub050_take_02\noaudio_Sub050_01_01_02.mp4,1,50,1
take_02\Sub050_take_02\noaudio_Sub050_01_02_02.mp4,1,50,2
take_02\Sub050_take_02\noaudio_Sub050_02_01_02.mp4,2,50,1
take_02\Sub050_take_02\noaudio_Sub050_02_02_02.mp4,2,50,2
take_02\Sub050_take_02\noaudio_Sub050_03_01_02.mp4,3,50,1
take_02\Sub050_take_02\noaudio_Sub050_03_02_02.mp4,3,50,2
take_02\Sub050_take_02\noaudio_Sub050_04_01_02.mp4,4,50,1
take_02\Sub050_take_02\noaudio_Sub050_04_02_02.mp4,4,50,2
take_02\Sub050_take_02\noaudio_Sub050_05_01_02.mp4,5,50,1
take_02\Sub050_take_02\noaudio_Sub050_05_02_02.mp4,5,50,2
take_01\Sub050_take_01\noaudio_Sub050_01_01_01.mp4,1,50,1
take_01\Sub050_take_01\noaudio_Sub050_01_02_01.mp4,1,50,2
take_01\Sub050_take_01\noaudio_Sub050_02_01_01.mp4,2,50,1
take_01\Sub050_take_01\noaudio_Sub050_02_02_01.mp4,2,50,2
take_01\Sub050_take_01\noaudio_Sub050_03_01_01.mp4,3,50,1
take_01\Sub050_take_01\noaudio_Sub050_03_02_01.mp4,3,50,2
take_01\Sub050_take_01\noaudio_Sub050_04_01_01.mp4,4,50,1
take_01\Sub050_take_01\noaudio_Sub050_04_02_01.mp4,4,50,2
take_01\Sub050_take_01\noaudio_Sub050_05_01_01.mp4,5,50,1
take_01\Sub050_take_01\noaudio_Sub050_05_02_01.mp4,5,50,2
take_02\Sub051_take_02\noaudio_Sub051_01_01_02.mp4,1,51,1
take_02\Sub051_take_02\noaudio_Sub051_02_01_02.mp4,2,51,1
take_02\Sub051_take_02\noaudio_Sub051_03_01_02.mp4,3,51,1
take_01\Sub051_take_01\noaudio_Sub051_01_01_01.mp4,1,51,1
take_01\Sub051_take_01\noaudio_Sub051_02_01_01.mp4,2,51,1
take_01\Sub051_take_01\noaudio_Sub051_03_01_01.mp4,3,51,1
take_01\Sub051_take_01\noaudio_Sub051_04_01_01.mp4,4,51,1
take_01\Sub051_take_01\noaudio_Sub051_05_01_01.mp4,5,51,1
take_02\Sub002b_test\noaudio_Sub002b_01_01_02.mp4,1,2,1
take_02\Sub002b_test\noaudio_Sub002b_01_02_02.mp4,1,2,2
take_02\Sub002b_test\noaudio_Sub002b_02_02_02.mp4,2,2,2
take_02\Sub002b_test\noaudio_Sub002b_03_01_02.mp4,3,2,1
take_02\Sub002b_test\noaudio_Sub002b_03_02_02.mp4,3,2,2
take_02\Sub002b_test\noaudio_Sub002b_04_01_02.mp4,4,2,1
take_02\Sub002b_test\noaudio_Sub002b_04_02_02.mp4,4,2,2
take_02\Sub002b_test\noaudio_Sub002b_05_01_02.mp4,5,2,1
take_02\Sub002b_test\noaudio_Sub002b_05_02_02.mp4,5,2,2
take_01\Sub002b_train\noaudio_Sub002b_01_01_01.mp4,1,2,1
take_01\Sub002b_train\noaudio_Sub002b_01_02_01.mp4,1,2,2
take_01\Sub002b_train\noaudio_Sub002b_02_01_01.mp4,2,2,1
take_01\Sub002b_train\noaudio_Sub002b_02_02_01.mp4,2,2,2
take_01\Sub002b_train\noaudio_Sub002b_03_01_01.mp4,3,2,1
take_01\Sub002b_train\noaudio_Sub002b_03_02_01.mp4,3,2,2
take_01\Sub002b_train\noaudio_Sub002b_04_01_01.mp4,4,2,1
take_01\Sub002b_train\noaudio_Sub002b_04_02_01.mp4,4,2,2
take_01\Sub002b_train\noaudio_Sub002b_05_01_01.mp4,5,2,1
take_01\Sub002b_train\noaudio_Sub002b_05_02_01.mp4,5,2,2
take_02\Sub010b_test\noaudio_Sub010b_01_01_02.mp4,1,10,1
take_02\Sub010b_test\noaudio_Sub010b_01_02_02.mp4,1,10,2
take_02\Sub010b_test\noaudio_Sub010b_02_01_02.mp4,2,10,1
take_02\Sub010b_test\noaudio_Sub010b_02_02_02.mp4,2,10,2
take_02\Sub010b_test\noaudio_Sub010b_03_01_02.mp4,3,10,1
take_02\Sub010b_test\noaudio_Sub010b_03_02_02.mp4,3,10,2
take_02\Sub010b_test\noaudio_Sub010b_04_01_02.mp4,4,10,1
take_02\Sub010b_test\noaudio_Sub010b_04_02_02.mp4,4,10,2
take_02\Sub010b_test\noaudio_Sub010b_05_01_02.mp4,5,10,1
take_02\Sub010b_test\noaudio_Sub010b_05_02_02.mp4,5,10,2
take_01\Sub010b_train\noaudio_Sub010b_01_01_01.mp4,1,10,1
take_01\Sub010b_train\noaudio_Sub010b_01_02_01.mp4,1,10,2
take_01\Sub010b_train\noaudio_Sub010b_02_01_01.mp4,2,10,1
take_01\Sub010b_train\noaudio_Sub010b_02_02_01.mp4,2,10,2
take_01\Sub010b_train\noaudio_Sub010b_03_01_01.mp4,3,10,1
take_01\Sub010b_train\noaudio_Sub010b_03_02_01.mp4,3,10,2
take_01\Sub010b_train\noaudio_Sub010b_04_01_01.mp4,4,10,1
take_01\Sub010b_train\noaudio_Sub010b_04_02_01.mp4,4,10,2
take_01\Sub010b_train\noaudio_Sub010b_05_01_01.mp4,5,10,1
take_01\Sub010b_train\noaudio_Sub010b_05_02_01.mp4,5,10,2
take_02\Sub019b_test\noaudio_Sub019b_01_01_02.mp4,1,19,1
take_02\Sub019b_test\noaudio_Sub019b_01_02_02.mp4,1,19,2
take_02\Sub019b_test\noaudio_Sub019b_02_01_02.mp4,2,19,1
take_02\Sub019b_test\noaudio_Sub019b_02_02_02.mp4,2,19,2
take_02\Sub019b_test\noaudio_Sub019b_03_01_02.mp4,3,19,1
take_02\Sub019b_test\noaudio_Sub019b_03_02_02.mp4,3,19,2
take_02\Sub019b_test\noaudio_Sub019b_04_01_02.mp4,4,19,1
take_02\Sub019b_test\noaudio_Sub019b_04_02_02.mp4,4,19,2
take_02\Sub019b_test\noaudio_Sub019b_05_01_02.mp4,5,19,1
take_02\Sub019b_test\noaudio_Sub019b_05_02_02.mp4,5,19,2
take_01\Sub019b_train\noaudio_Sub019b_01_01_01.mp4,1,19,1
take_01\Sub019b_train\noaudio_Sub019b_01_02_01.mp4,1,19,2
take_01\Sub019b_train\noaudio_Sub019b_02_01_01.mp4,2,19,1
take_01\Sub019b_train\noaudio_Sub019b_02_02_01.mp4,2,19,2
take_01\Sub019b_train\noaudio_Sub019b_03_01_01.mp4,3,19,1
take_01\Sub019b_train\noaudio_Sub019b_03_02_01.mp4,3,19,2
take_01\Sub019b_train\noaudio_Sub019b_04_01_01.mp4,4,19,1
take_01\Sub019b_train\noaudio_Sub019b_04_02_01.mp4,4,19,2
take_01\Sub019b_train\noaudio_Sub019b_05_01_01.mp4,5,19,1
take_01\Sub019b_train\noaudio_Sub019b_05_02_01.mp4,5,19,2
take_02\Sub029b_test\noaudio_Sub029b_01_01_02.mp4,1,29,1
take_02\Sub029b_test\noaudio_Sub029b_01_02_02.mp4,1,29,2
take_02\Sub029b_test\noaudio_Sub029b_02_01_02.mp4,2,29,1
take_02\Sub029b_test\noaudio_Sub029b_02_02_02.mp4,2,29,2
take_02\Sub029b_test\noaudio_Sub029b_03_01_02.mp4,3,29,1
take_02\Sub029b_test\noaudio_Sub029b_03_02_02.mp4,3,29,2
take_02\Sub029b_test\noaudio_Sub029b_04_01_02.mp4,4,29,1
take_02\Sub029b_test\noaudio_Sub029b_04_02_02.mp4,4,29,2
take_02\Sub029b_test\noaudio_Sub029b_05_01_02.mp4,5,29,1
take_02\Sub029b_test\noaudio_Sub029b_05_02_02.mp4,5,29,2
take_01\Sub029b_train\noaudio_Sub029b_01_01_01.mp4,1,29,1
take_01\Sub029b_train\noaudio_Sub029b_01_02_01.mp4,1,29,2
take_01\Sub029b_train\noaudio_Sub029b_02_01_01.mp4,2,29,1
take_01\Sub029b_train\noaudio_Sub029b_02_02_01.mp4,2,29,2
take_01\Sub029b_train\noaudio_Sub029b_03_01_01.mp4,3,29,1
take_01\Sub029b_train\noaudio_Sub029b_03_02_01.mp4,3,29,2
take_01\Sub029b_train\noaudio_Sub029b_04_01_01.mp4,4,29,1
take_01\Sub029b_train\noaudio_Sub029b_04_02_01.mp4,4,29,2
take_01\Sub029b_train\noaudio_Sub029b_05_01_01.mp4,5,29,1
take_01\Sub029b_train\noaudio_Sub029b_05_02_01.mp4,5,29,2
take_02\Sub044b_test\noaudio_Sub044b_01_01_02.mp4,1,44,1
take_02\Sub044b_test\noaudio_Sub044b_01_02_02.mp4,1,44,2
take_02\Sub044b_test\noaudio_Sub044b_02_01_02.mp4,2,44,1
take_02\Sub044b_test\noaudio_Sub044b_02_02_02.mp4,2,44,2
take_02\Sub044b_test\noaudio_Sub044b_03_01_02.mp4,3,44,1
take_02\Sub044b_test\noaudio_Sub044b_03_02_02.mp4,3,44,2
take_02\Sub044b_test\noaudio_Sub044b_04_01_02.mp4,4,44,1
take_02\Sub044b_test\noaudio_Sub044b_04_02_02.mp4,4,44,2
take_02\Sub044b_test\noaudio_Sub044b_05_01_02.mp4,5,44,1
take_02\Sub044b_test\noaudio_Sub044b_05_02_02.mp4,5,44,2
take_01\Sub044b_train\noaudio_Sub044b_01_01_01.mp4,1,44,1
take_01\Sub044b_train\noaudio_Sub044b_01_02_01.mp4,1,44,2
take_01\Sub044b_train\noaudio_Sub044b_02_01_01.mp4,2,44,1
take_01\Sub044b_train\noaudio_Sub044b_02_02_01.mp4,2,44,2
take_01\Sub044b_train\noaudio_Sub044b_03_01_01.mp4,3,44,1
take_01\Sub044b_train\noaudio_Sub044b_03_02_01.mp4,3,44,2
take_01\Sub044b_train\noaudio_Sub044b_04_01_01.mp4,4,44,1
take_01\Sub044b_train\noaudio_Sub044b_04_02_01.mp4,4,44,2
take_01\Sub044b_train\noaudio_Sub044b_05_01_01.mp4,5,44,1
take_01\Sub044b_train\noaudio_Sub044b_05_02_01.mp4,5,44,2
